edge_id,model,hard_detected,soft_detected,direction_correct,detection_rate,mean_jsd,median_jsd,jsd_ci_lower,jsd_ci_upper,omnibus_significant
S5R,deepseek-r1,False,False,True,0.2,0.14780841765944408,0.05747701477772982,0.06888713172213512,0.2443585304129672,False
S22,deepseek-r1,False,False,True,0.16666666666666666,0.16731885705866725,0.023679731614670758,0.01621382897975345,0.38523028193083986,False
S23R,deepseek-r1,False,True,True,0.13043478260869565,0.1802704106545969,0.07488176057084842,0.10591353239838536,0.25882437947956116,True
S4R,deepseek-r1,False,True,True,0.2,0.2230854596502641,0.18012530922751047,0.12734982081486687,0.32439635430508335,True
S28,deepseek-r1,False,True,True,0.13636363636363635,0.17074733809190895,0.0733308704949858,0.09632517589593406,0.2550036019139429,True
SA2,deepseek-r1,False,False,True,0.0,0.0732327881654289,0.050426636257285704,0.0367580557292367,0.13162294897415056,False
S8,deepseek-r1,False,False,True,0.0,0.052162902749076645,0.04859279214962665,0.03092879426356485,0.08411839956527016,False
S6R,deepseek-r1,False,False,True,0.0,0.05499843846065031,0.03487003625267164,0.03529522769739119,0.0740350234496656,False
S80,deepseek-r1,False,False,True,0.0,0.05150954264939398,0.04620981004417904,0.039454455811058504,0.06463696141633152,False
S7R,deepseek-r1,False,False,True,0.047619047619047616,0.05838883573233276,0.044903072780134834,0.0407009180542121,0.08074236571593432,False
S14,deepseek-r1,False,False,True,0.0,0.039902034196020945,0.036870545478287435,0.023726821025267984,0.058353380268292204,False
S27,deepseek-r1,False,False,True,0.06666666666666667,0.07048893694265555,0.03676729752241204,0.036059169974160296,0.11863177481586017,False
S45,deepseek-r1,False,True,True,0.25,0.07305696742068152,0.03689396510441251,0.007267816898720138,0.16703583347270692,False
S46,deepseek-r1,False,False,False,0.14285714285714285,0.06511676385286733,0.03869464276424467,0.02279108526910255,0.12030399378580527,False
S40R,deepseek-r1,False,True,True,0.25,0.07305696742068152,0.03689396510441251,0.007267816898720138,0.16703583347270692,False
S41R,deepseek-r1,False,True,True,0.25,0.07305696742068152,0.03689396510441251,0.007267816898720138,0.16703583347270692,False
S49R,deepseek-r1,False,True,True,0.25,0.07305696742068152,0.03689396510441251,0.007267816898720138,0.16703583347270692,False
S16R,deepseek-r1,False,True,True,0.25,0.16217136053751843,0.1108000275766686,0.01224876971594057,0.32216349222812796,True
S39R,deepseek-r1,False,True,True,0.3333333333333333,0.1718765901597125,0.20137744859885076,0.052179654522275166,0.28208361586618663,True
S42R,deepseek-r1,False,True,True,0.2,0.130390431653077,0.02022260655448642,0.007262824260396381,0.2946151054144375,True
S17R,deepseek-r1,False,True,True,0.42857142857142855,0.3134576198389883,0.3444530968012105,0.12814047558437186,0.49378989476608637,True
S18R,deepseek-r1,False,True,True,0.42857142857142855,0.3134576198389883,0.3444530968012105,0.12814047558437186,0.49378989476608637,True
S10R,deepseek-r1,False,False,True,0.05,0.10668333157292734,0.03229903027508468,0.05438969207778654,0.16693608384576444,False
S9R,deepseek-r1,False,True,True,0.0,0.09411329527898438,0.027507287566131224,0.01673851342988759,0.19627093063712545,True
S24R,deepseek-r1,False,False,True,0.0,0.0851455305821754,0.03869464276424467,0.03505692416009205,0.15169424981346755,False
S12,deepseek-r1,False,True,True,0.0,0.07726388588673709,0.04859279214962665,0.03633678895450569,0.1339763067405172,True
S43,deepseek-r1,False,True,True,0.0,0.0719250065534505,0.04859279214962665,0.03456671332372264,0.11810577004719407,True
S112,deepseek-r1,False,True,True,0.0,0.13655382309485636,0.14880912845906202,0.048705610983549016,0.23541090158486813,True
S19R,deepseek-r1,False,True,True,0.06666666666666667,0.06987079253642396,0.024486967746514945,0.03317536538233155,0.11322703014038563,True
S115,deepseek-r1,False,False,True,0.1111111111111111,0.06860605460955697,0.04152746914508508,0.02893885547426952,0.1261262321669128,False
S38R,deepseek-r1,False,True,False,0.5,0.27682550644527437,0.27682550644527437,0.0,0.0,False
S15R,deepseek-r1,False,False,False,0.0,0.0655866412902867,0.05694822610617878,0.05212816650424464,0.08554689209624486,False
S68R,deepseek-r1,True,True,True,0.6666666666666666,0.3544242579045961,0.2950886331853702,0.26892308337350074,0.4418708145609223,True
S52R,deepseek-r1,True,True,True,0.6470588235294118,0.3446964777195982,0.2763011662272942,0.26022213110947146,0.43024063132681845,True
S72R,deepseek-r1,True,True,True,0.6666666666666666,0.3544242579045961,0.2950886331853702,0.26892308337350074,0.4418708145609223,True
S69R,deepseek-r1,False,True,False,0.3333333333333333,0.2803605769896889,0.17265758630289266,0.13380184229862077,0.4473126432819107,False
S77R,deepseek-r1,False,True,True,0.5,0.24402454470767282,0.1301764318748411,0.023138934199845067,0.5257803166256599,False
S70,deepseek-r1,True,True,False,1.0,0.6931471782959896,0.6931471782959896,0.0,0.0,True
S67,deepseek-r1,False,True,True,0.2,0.1858032116746272,0.04406743846251934,0.011043901271673387,0.453191268492888,True
S73R,deepseek-r1,False,True,True,0.2,0.1858032116746272,0.04406743846251934,0.011043901271673387,0.453191268492888,True
S55R,deepseek-r1,False,False,True,0.0,0.14172766861148642,0.15856953743102659,0.1027168794560364,0.16389658894739628,False
S116,deepseek-r1,False,False,True,0.0,0.14172766861148642,0.15856953743102659,0.1027168794560364,0.16389658894739628,False
S119R,deepseek-r1,False,False,True,0.0,0.09848029256701883,0.08879931952529137,0.06230872044136132,0.13708848196790474,False
S31R,deepseek-r1,False,False,True,0.0,0.14172766861148642,0.15856953743102659,0.1027168794560364,0.16389658894739628,False
S120R,deepseek-r1,False,False,True,0.0,0.14172766861148642,0.15856953743102659,0.1027168794560364,0.16389658894739628,False
S30,deepseek-r1,False,False,True,0.0,0.14172766861148642,0.15856953743102659,0.1027168794560364,0.16389658894739628,False
SA6,deepseek-r1,True,True,False,1.0,0.4187447388026926,0.4228104530737251,0.2649654685463806,0.5684582947879722,True
S121R,deepseek-r1,True,True,True,0.5714285714285714,0.44474797222227913,0.4228104530737251,0.30029166459622847,0.5892042798483297,True
S129,deepseek-r1,False,True,True,0.5,0.48375282235165884,0.48375282235165884,0.0,0.0,True
S88,deepseek-r1,False,True,True,0.2,0.21272749004557484,0.27847764174391715,0.06415169353084552,0.3613032865603042,True
S84,deepseek-r1,False,True,False,0.25,0.1962899521209893,0.1695721387256555,0.010570206477577615,0.38200969776440097,True
S111R,deepseek-r1,False,True,False,0.25,0.1962899521209893,0.1695721387256555,0.010570206477577615,0.38200969776440097,True
S89,deepseek-r1,False,True,True,0.0,0.27847764174391715,0.27847764174391715,0.0,0.0,True
S13,deepseek-r1,False,True,False,0.125,0.17229150724551526,0.15841734924807405,0.09391981985574771,0.24876200033055001,True
S75R,deepseek-r1,False,False,False,0.14285714285714285,0.1457449736209148,0.14143395350594729,0.06295957525065231,0.23284139210614482,False
S20R,deepseek-r1,False,True,False,0.3333333333333333,0.2546095963389821,0.24473516130480918,0.24473516130480918,0.274358466407328,True
S74R,deepseek-r1,False,True,True,0.0,0.14669567621969945,0.14669567621969945,0.0,0.0,True
S21,deepseek-r1,False,False,False,0.0,0.064949529732545,0.06715247015308873,0.06054364889145755,0.06715247015308873,False
S5R,kimi-k2.5,False,True,True,0.1,0.19191007111221614,0.09777378561448921,0.09778610876331247,0.3051497850835824,True
S22,kimi-k2.5,False,True,False,0.16666666666666666,0.2771649652952663,0.11466798650544947,0.054009149911597,0.5003207806789356,True
S23R,kimi-k2.5,False,True,True,0.17391304347826086,0.2463026669669599,0.13870987033152177,0.15699692955966038,0.3526429405501692,True
S4R,kimi-k2.5,False,True,True,0.2,0.2950848046666664,0.19781112457171202,0.1797690659815529,0.4311715608799135,True
S28,kimi-k2.5,False,True,True,0.13636363636363635,0.21347635854571534,0.12503404950920236,0.12511973329869985,0.31705914934538004,True
SA2,kimi-k2.5,False,False,False,0.125,0.14060803528426255,0.10316427352705976,0.07787325525220908,0.23908966370483772,False
S8,kimi-k2.5,False,False,True,0.06666666666666667,0.0910823318268751,0.07150394707996588,0.04890848033633348,0.14980223230700535,False
S6R,kimi-k2.5,False,False,False,0.03225806451612903,0.11094656356117547,0.04859279214962665,0.05044245644551233,0.18501659915518653,False
S80,kimi-k2.5,False,False,False,0.021739130434782608,0.09847843416130278,0.04924430186717389,0.057233588590276,0.15165942153412443,False
S7R,kimi-k2.5,False,False,True,0.11904761904761904,0.12488247116869808,0.08988349926574754,0.09239366823271437,0.1601369107359408,False
S14,kimi-k2.5,False,False,True,0.0,0.06191781574966345,0.03631488017983022,0.028307297104291466,0.10041427793063583,False
S27,kimi-k2.5,False,False,True,0.06666666666666667,0.08998016132983391,0.05029059608942446,0.04867513637806979,0.14239749898411808,False
S45,kimi-k2.5,False,True,False,0.25,0.27009537739714906,0.2233368766153345,0.09780127356986006,0.4719209736884307,True
S46,kimi-k2.5,False,True,True,0.14285714285714285,0.17463510663084997,0.0770075122126848,0.05501231740720095,0.31865812878131106,True
S40R,kimi-k2.5,False,True,False,0.25,0.27009537739714906,0.2233368766153345,0.09780127356986006,0.4719209736884307,True
S41R,kimi-k2.5,False,True,False,0.25,0.27009537739714906,0.2233368766153345,0.09780127356986006,0.4719209736884307,True
S49R,kimi-k2.5,False,True,False,0.25,0.27009537739714906,0.2233368766153345,0.09780127356986006,0.4719209736884307,True
S16R,kimi-k2.5,False,True,False,0.25,0.34149136116138623,0.3445730804432977,0.18085385726675868,0.5021288650560138,True
S39R,kimi-k2.5,False,True,True,0.1111111111111111,0.21670004501878115,0.18085385675955415,0.1035550094376592,0.3484291354296795,True
S42R,kimi-k2.5,False,True,True,0.2,0.2831028333765093,0.19781112558612107,0.13172325691872833,0.4412653171620353,True
S17R,kimi-k2.5,False,True,False,0.42857142857142855,0.39712346923899006,0.5009841226936631,0.18965546963606328,0.5833763584248857,True
S18R,kimi-k2.5,False,True,False,0.42857142857142855,0.39712346923899006,0.5009841226936631,0.18965546963606328,0.5833763584248857,True
S10R,kimi-k2.5,False,False,True,0.047619047619047616,0.14487308173320473,0.11337749607012029,0.08608518718787952,0.20782816394033887,False
S9R,kimi-k2.5,False,True,True,0.14285714285714285,0.19415814002663692,0.13230412364185112,0.10182490946407846,0.31036067241877147,True
S24R,kimi-k2.5,False,False,True,0.0,0.12492968191467213,0.0770075122126848,0.041424192288404396,0.20937721812974752,False
S12,kimi-k2.5,False,True,True,0.0,0.11807178035693193,0.0751371156880283,0.07512434251784444,0.1667213216818393,True
S43,kimi-k2.5,False,True,True,0.0,0.10641958266079136,0.06993214118202776,0.06331350709225232,0.15127183913194708,True
S112,kimi-k2.5,False,True,True,0.0,0.23298871896322848,0.23979246961138345,0.2066853064075629,0.25248838087073916,True
S19R,kimi-k2.5,False,False,True,0.0,0.07456309296292764,0.04859279214962665,0.044280699772497004,0.1068508771100241,False
S115,kimi-k2.5,False,False,True,0.0,0.08161909798964442,0.04859279214962665,0.0368765784309378,0.13274357050261618,False
S38R,kimi-k2.5,False,False,False,0.0,0.09659533708131983,0.09659533708131983,0.0,0.0,False
S15R,kimi-k2.5,False,False,True,0.0,0.03951354889616642,0.041498788777804024,0.03307603017199208,0.043965827738703146,False
S68R,kimi-k2.5,False,True,True,0.42424242424242425,0.31251472083883,0.19021050387121494,0.22268146355527324,0.4131893342991244,True
S52R,kimi-k2.5,False,True,True,0.4411764705882353,0.31139247809191817,0.19021050387121494,0.222275964132325,0.4016904521744697,True
S72R,kimi-k2.5,False,True,True,0.42424242424242425,0.31251472083883,0.19021050387121494,0.22268146355527324,0.4131893342991244,True
S69R,kimi-k2.5,False,True,False,0.4166666666666667,0.3146548106315909,0.14932716066944374,0.15442486843782896,0.4807200908219333,False
S77R,kimi-k2.5,False,True,True,0.5,0.2933198067216851,0.20257590298019493,0.10288679107002392,0.5525587176062883,False
S70,kimi-k2.5,True,True,False,1.0,0.693147177271912,0.693147177271912,0.0,0.0,False
S67,kimi-k2.5,False,True,True,0.16666666666666666,0.2003689753619746,0.13514479260495205,0.06928063425959484,0.40385955259496015,True
S73R,kimi-k2.5,False,True,True,0.16666666666666666,0.2003689753619746,0.13514479260495205,0.06928063425959484,0.40385955259496015,True
S55R,kimi-k2.5,False,True,True,0.5,0.31548647078718145,0.2725594871502529,0.0641441246694167,0.5668288169049462,False
S116,kimi-k2.5,False,True,True,0.5,0.31548647078718145,0.2725594871502529,0.0641441246694167,0.5668288169049462,False
S119R,kimi-k2.5,False,True,True,0.25,0.1791560606940537,0.0725927141912337,0.04176327907484175,0.36499167861897036,False
S31R,kimi-k2.5,False,True,True,0.5,0.31548647078718145,0.2725594871502529,0.0641441246694167,0.5668288169049462,False
S120R,kimi-k2.5,False,True,True,0.5,0.31548647078718145,0.2725594871502529,0.0641441246694167,0.5668288169049462,False
S30,kimi-k2.5,False,True,True,0.5,0.31548647078718145,0.2725594871502529,0.0641441246694167,0.5668288169049462,False
SA6,kimi-k2.5,True,True,False,0.6666666666666666,0.43141617083019823,0.4228104530972252,0.1782908810973799,0.6931471782959896,True
S121R,kimi-k2.5,True,True,True,0.5714285714285714,0.4548559428709748,0.5579788146709533,0.24000448066706878,0.6480910567566024,True
S129,kimi-k2.5,True,True,True,1.0,0.6931471772703355,0.6931471772703355,0.0,0.0,True
S88,kimi-k2.5,False,True,True,0.2,0.28854058059564647,0.29816577369580743,0.14498016759426782,0.43210099359702514,True
S84,kimi-k2.5,False,True,False,0.25,0.2619265102714846,0.2255318941470809,0.10668376606888291,0.4403540550888626,True
S111R,kimi-k2.5,False,True,False,0.25,0.2619265102714846,0.2255318941470809,0.10668376606888291,0.4403540550888626,True
S89,kimi-k2.5,False,True,True,0.0,0.3949968618922939,0.3949968618922939,0.0,0.0,True
S13,kimi-k2.5,False,True,False,0.0,0.11474548985668469,0.06717761976451306,0.043519722323343814,0.21265842287024653,True
S75R,kimi-k2.5,False,False,False,0.0,0.07470957956588338,0.0594734789581777,0.029778829488045177,0.12352071408073449,False
S20R,kimi-k2.5,False,True,True,0.0,0.11881626688060991,0.1386294340089772,0.02000824206114052,0.19781112457171202,True
S74R,kimi-k2.5,False,True,True,0.0,0.08676460268145869,0.08676460268145869,0.0,0.0,True
S21,kimi-k2.5,False,False,False,0.0,0.1064194026048278,0.09498625929556705,0.026460823947204323,0.19781112457171202,False
S5R,qwen3-next-80b-instruct,False,False,True,0.16666666666666666,0.11164028528659302,0.05028165317431531,0.05723417255689938,0.1798968703153957,False
S22,qwen3-next-80b-instruct,False,False,True,0.0,0.043208957528232006,0.04859279214962665,0.02990799674840973,0.051126083686659635,False
S23R,qwen3-next-80b-instruct,False,True,True,0.09523809523809523,0.14382246949446031,0.056527861038148317,0.07215674431704769,0.23056680218463632,True
S4R,qwen3-next-80b-instruct,False,True,True,0.14285714285714285,0.17622549837288873,0.056527861038148317,0.07959747681581017,0.2794505277774595,True
S28,qwen3-next-80b-instruct,False,True,True,0.09523809523809523,0.13255846145111788,0.04859279214962665,0.06486227772004181,0.21644465687495945,True
SA2,qwen3-next-80b-instruct,False,False,True,0.0,0.05471414007878206,0.05973585144303962,0.03413483745310182,0.07529344270446228,False
S8,qwen3-next-80b-instruct,False,False,True,0.0,0.04590469344465003,0.04080321116991907,0.028783435297113046,0.06380622905642312,False
S6R,qwen3-next-80b-instruct,False,False,True,0.0,0.0374812054280833,0.025416782399088615,0.023536285353526813,0.05339616032519736,False
S80,qwen3-next-80b-instruct,False,False,True,0.0,0.050680273683171094,0.03594875390222978,0.03202997200796895,0.07387319829775349,False
S7R,qwen3-next-80b-instruct,False,False,True,0.0,0.04274013329541809,0.03974892696708187,0.03259778582764913,0.05346057590957494,False
S14,qwen3-next-80b-instruct,False,False,True,0.0,0.05250222709453792,0.04859279214962665,0.04764867289114263,0.061501246057465486,False
S27,qwen3-next-80b-instruct,False,False,True,0.2,0.10415162203871409,0.04859279214962665,0.05296462443616197,0.16345758255090573,False
S45,qwen3-next-80b-instruct,False,True,True,0.25,0.23445351566064437,0.23445351566064437,0.0,0.0,False
S46,qwen3-next-80b-instruct,False,False,True,0.14285714285714285,0.09271382977881855,0.023679731614670758,0.02000824206114052,0.23445351566064435,False
S40R,qwen3-next-80b-instruct,False,True,True,0.25,0.23445351566064437,0.23445351566064437,0.0,0.0,False
S41R,qwen3-next-80b-instruct,False,True,True,0.25,0.23445351566064437,0.23445351566064437,0.0,0.0,False
S49R,qwen3-next-80b-instruct,False,True,True,0.25,0.23445351566064437,0.23445351566064437,0.0,0.0,False
S16R,qwen3-next-80b-instruct,False,True,True,0.25,0.17841799787368098,0.023679731614670758,0.023679731614670758,0.4878945303917015,False
S39R,qwen3-next-80b-instruct,False,True,True,0.4444444444444444,0.1854884390964348,0.14275053886841246,0.07866351567754684,0.29704206449334336,False
S42R,qwen3-next-80b-instruct,False,False,True,0.2,0.14873357990362668,0.04168002880406723,0.023679731614670758,0.37184083069744384,False
S17R,qwen3-next-80b-instruct,False,True,True,0.14285714285714285,0.23508752690611584,0.16705428236304015,0.11834701250668173,0.39550765092044654,True
S18R,qwen3-next-80b-instruct,False,True,True,0.14285714285714285,0.23508752690611584,0.16705428236304015,0.11834701250668173,0.39550765092044654,True
S10R,qwen3-next-80b-instruct,False,False,True,0.0,0.05243940397438501,0.03576157756236535,0.03523843961655533,0.07412013649741593,False
S9R,qwen3-next-80b-instruct,False,True,False,0.0,0.08127592952526853,0.064651325000356,0.04478232920318358,0.12827009942012288,True
S24R,qwen3-next-80b-instruct,False,False,True,0.0,0.03617717702650622,0.02781752613033795,0.021843986837905636,0.05771899324182402,False
S12,qwen3-next-80b-instruct,False,False,True,0.06666666666666667,0.09857108521580255,0.04859279214962665,0.04868529286712141,0.1557126354914707,False
S43,qwen3-next-80b-instruct,False,False,True,0.05555555555555555,0.0832167203828114,0.04859279214962665,0.041018214065723535,0.12946750958081302,False
S112,qwen3-next-80b-instruct,False,False,True,0.2,0.09526685094591186,0.04707210429969651,0.004274932877394725,0.23445351566064435,False
S19R,qwen3-next-80b-instruct,False,False,False,0.06666666666666667,0.09188744106992773,0.07488175959454635,0.06086471751309723,0.12915073452881137,False
S115,qwen3-next-80b-instruct,False,False,False,0.1111111111111111,0.10779451840747488,0.07488175959454635,0.05876517812287893,0.16833998345709722,False
S38R,qwen3-next-80b-instruct,False,True,False,0.5,0.14275053886841246,0.14275053886841246,0.0,0.0,False
S15R,qwen3-next-80b-instruct,False,False,True,0.0,0.05524878250285345,0.023679731614670758,0.02000824206114052,0.12205837383274905,False
S68R,qwen3-next-80b-instruct,False,True,True,0.48484848484848486,0.26778070677788424,0.1456729195783262,0.18071502903017986,0.3646166511554247,False
S52R,qwen3-next-80b-instruct,False,True,True,0.47058823529411764,0.26778070677788424,0.1456729195783262,0.18071502903017986,0.3646166511554247,False
S72R,qwen3-next-80b-instruct,False,True,True,0.48484848484848486,0.26778070677788424,0.1456729195783262,0.18071502903017986,0.3646166511554247,False
S69R,qwen3-next-80b-instruct,False,False,True,0.18181818181818182,0.27119595246121647,0.09072282982088675,0.0479133720733387,0.492339062137622,False
S77R,qwen3-next-80b-instruct,False,True,True,0.25,0.2595301414857088,0.08142048267770213,0.004022763483434694,0.6931471782959896,False
S70,qwen3-next-80b-instruct,True,True,False,1.0,0.6931471782959896,0.6931471782959896,0.0,0.0,False
S67,qwen3-next-80b-instruct,False,True,True,0.16666666666666666,0.16790892157030335,0.06337130172739736,0.025199298259242404,0.38520994389105384,True
S73R,qwen3-next-80b-instruct,False,True,True,0.16666666666666666,0.16790892157030335,0.06337130172739736,0.025199298259242404,0.38520994389105384,True
S55R,qwen3-next-80b-instruct,False,False,False,0.0,0.023679731614670758,0.023679731614670758,0.0,0.0,False
S116,qwen3-next-80b-instruct,False,False,False,0.0,0.023679731614670758,0.023679731614670758,0.0,0.0,False
S119R,qwen3-next-80b-instruct,False,False,False,0.0,0.12142353589674515,0.13210164370485697,0.04503594723089438,0.19781112456259592,False
S31R,qwen3-next-80b-instruct,False,False,False,0.0,0.023679731614670758,0.023679731614670758,0.0,0.0,False
S120R,qwen3-next-80b-instruct,False,False,False,0.0,0.023679731614670758,0.023679731614670758,0.0,0.0,False
S30,qwen3-next-80b-instruct,False,False,False,0.0,0.023679731614670758,0.023679731614670758,0.0,0.0,False
SA6,qwen3-next-80b-instruct,False,False,True,0.0,0.049280746092759585,0.049280746092759585,0.0,0.0,False
S121R,qwen3-next-80b-instruct,False,False,True,0.0,0.1229418024785151,0.116816981814322,0.049280746092759585,0.19660285886427062,False
S129,qwen3-next-80b-instruct,False,True,False,0.5,0.6931471782959896,0.6931471782959896,0.0,0.0,True
S88,qwen3-next-80b-instruct,False,False,True,0.2,0.08379990593458195,0.06155537758061838,0.0315359090717112,0.15950105419861588,False
S84,qwen3-next-80b-instruct,False,True,False,0.25,0.10087000056908405,0.0682185690757334,0.04316245225351731,0.19122898037800146,False
S111R,qwen3-next-80b-instruct,False,True,False,0.25,0.10087000056908405,0.0682185690757334,0.04316245225351731,0.19122898037800146,False
S89,qwen3-next-80b-instruct,False,False,True,0.0,0.015519527396573599,0.015519527396573599,0.0,0.0,False
S13,qwen3-next-80b-instruct,False,False,True,0.0,0.06770798546829385,0.08070985785108536,0.03723044896262212,0.0924986534325168,False
S75R,qwen3-next-80b-instruct,False,False,True,0.0,0.0807550999862239,0.0844423415182071,0.06060783437487792,0.0972151240655867,False
S20R,qwen3-next-80b-instruct,False,False,False,0.0,0.04191294290431206,0.04859279214962665,0.002264276968763166,0.07488175959454635,False
S74R,qwen3-next-80b-instruct,False,False,True,0.0,0.06266515206802656,0.06266515206802656,0.0,0.0,False
S21,qwen3-next-80b-instruct,False,False,False,0.0,0.043615546934776386,0.04859279214962665,0.01394433092138609,0.06830951773331642,False
S5R,mistral-small-24b,False,False,True,0.1111111111111111,0.12154743643365498,0.04859279118770867,0.04985904386333981,0.21633924885785932,False
S22,mistral-small-24b,False,False,True,0.0,0.08498812008376025,0.05226048036494477,0.02249293563456689,0.1474833045329536,False
S23R,mistral-small-24b,False,True,True,0.1,0.13649524612143377,0.08879932002063445,0.07699563008694628,0.20679621758057687,True
S4R,mistral-small-24b,False,True,True,0.15384615384615385,0.1598209341882715,0.10271687947042048,0.08381893997483093,0.24688468125641994,True
S28,mistral-small-24b,False,True,True,0.1,0.12467993424093533,0.07029014283578061,0.06789179225299746,0.1917599725617225,True
SA2,mistral-small-24b,False,False,True,0.0,0.07584845714765559,0.04380187388803451,0.012973028334700137,0.13953581350780137,False
S8,mistral-small-24b,False,False,True,0.0,0.06245441597157336,0.0465230878776042,0.028644660188244513,0.10137530751435885,False
S6R,mistral-small-24b,False,False,True,0.0,0.051154644312014455,0.02372233017593074,0.03272694036777264,0.07676814313277885,False
S80,mistral-small-24b,False,False,True,0.0,0.04589533729538011,0.02390409676614446,0.03300960750018295,0.0628749907616519,False
S7R,mistral-small-24b,False,False,True,0.0,0.057030894750232326,0.04859279118770867,0.04436182175757509,0.06997238466744561,False
S14,mistral-small-24b,False,False,True,0.0,0.04854110102170702,0.03469822622928229,0.029048721364185275,0.07910695509724341,False
S27,mistral-small-24b,False,False,True,0.0,0.061171990143229556,0.041213354372561004,0.03669549357444191,0.09005765477125272,False
S45,mistral-small-24b,False,True,True,0.25,0.0990850731826772,0.0361575606818197,0.023701030895300748,0.2311896623582817,False
S46,mistral-small-24b,False,False,True,0.14285714285714285,0.09446970204186536,0.04859279118770867,0.028687902666034326,0.200144853670097,False
S40R,mistral-small-24b,False,True,True,0.25,0.0990850731826772,0.0361575606818197,0.023701030895300748,0.2311896623582817,False
S41R,mistral-small-24b,False,True,True,0.25,0.0990850731826772,0.0361575606818197,0.023701030895300748,0.2311896623582817,False
S49R,mistral-small-24b,False,True,True,0.25,0.0990850731826772,0.0361575606818197,0.023701030895300748,0.2311896623582817,False
S16R,mistral-small-24b,False,True,True,0.25,0.10008860672395273,0.061737275391127514,0.0361575606818197,0.20201635725014605,False
S39R,mistral-small-24b,False,False,True,0.1111111111111111,0.09592564992473301,0.05599336421812884,0.05137421687111894,0.14971542973846833,False
S42R,mistral-small-24b,False,False,True,0.2,0.0881962686807219,0.04859279118770867,0.03545825691103348,0.17161534551667051,False
S17R,mistral-small-24b,False,True,True,0.14285714285714285,0.15060012357178643,0.11922954180019608,0.07878349587478661,0.2415907934868464,True
S18R,mistral-small-24b,False,True,True,0.14285714285714285,0.15060012357178643,0.11922954180019608,0.07878349587478661,0.2415907934868464,True
S10R,mistral-small-24b,False,False,True,0.0,0.08940408827934351,0.0697253081745168,0.05631108505910154,0.1274442782682465,False
S9R,mistral-small-24b,False,True,True,0.0,0.09406514305891643,0.07908144849706399,0.06480623310678674,0.136296046991083,True
S24R,mistral-small-24b,False,False,True,0.0,0.09396654162401906,0.07600821747861797,0.05272458430180144,0.15316682309163776,False
S12,mistral-small-24b,False,False,True,0.0,0.05450405733883191,0.022335141553578124,0.01566228357594994,0.12013854519827953,False
S43,mistral-small-24b,False,False,True,0.0,0.050756270574411136,0.02415725678117136,0.01919282936117618,0.10321913507366771,False
S112,mistral-small-24b,False,False,True,0.0,0.15907836346010962,0.061769931830238524,0.02791169480895292,0.38755346374113736,False
S19R,mistral-small-24b,False,True,False,0.0,0.06181395494392562,0.05599336421812884,0.050413032366366024,0.07492406157627883,True
S115,mistral-small-24b,False,False,False,0.0,0.050628723567906736,0.043433719932533844,0.04131031778800735,0.06132389439499107,False
S38R,mistral-small-24b,False,False,True,0.0,0.16146121088416246,0.16146121088416246,0.0,0.0,False
S15R,mistral-small-24b,False,False,True,0.0,0.03453136710292417,0.038852971714732724,0.006280726380354467,0.05846040321368532,False
S68R,mistral-small-24b,False,True,True,0.3333333333333333,0.2911410428034106,0.13337672495818353,0.20429063121878768,0.38884153971488755,True
S52R,mistral-small-24b,False,True,True,0.3235294117647059,0.2832745336508006,0.12254607098603416,0.1936604943579544,0.3739819327983209,True
S72R,mistral-small-24b,False,True,True,0.3333333333333333,0.2911410428034106,0.13337672495818353,0.20429063121878768,0.38884153971488755,True
S69R,mistral-small-24b,False,True,False,0.18181818181818182,0.19507357062132458,0.1290038874633629,0.08516032631169551,0.34240798554667745,True
S77R,mistral-small-24b,False,True,True,0.25,0.286988526369392,0.2155635983118407,0.07852822828642714,0.5532045641689576,False
S70,mistral-small-24b,True,True,False,1.0,0.3672001736250796,0.3672001736250796,0.0,0.0,False
S67,mistral-small-24b,False,True,False,0.16666666666666666,0.1755227353606826,0.0894818383766456,0.041092164090122556,0.39683498646091236,True
S73R,mistral-small-24b,False,True,False,0.16666666666666666,0.1755227353606826,0.0894818383766456,0.041092164090122556,0.39683498646091236,True
S55R,mistral-small-24b,False,False,True,0.0,0.06308455046127348,0.06297079538719338,0.036136261401189716,0.09003283952135725,False
S116,mistral-small-24b,False,False,True,0.0,0.06308455046127348,0.06297079538719338,0.036136261401189716,0.09003283952135725,False
S119R,mistral-small-24b,False,False,True,0.0,0.07400731814643927,0.06297079538719338,0.04209508138378478,0.11537326236523922,False
S31R,mistral-small-24b,False,False,True,0.0,0.06308455046127348,0.06297079538719338,0.036136261401189716,0.09003283952135725,False
S120R,mistral-small-24b,False,False,True,0.0,0.06308455046127348,0.06297079538719338,0.036136261401189716,0.09003283952135725,False
S30,mistral-small-24b,False,False,True,0.0,0.06308455046127348,0.06297079538719338,0.036136261401189716,0.09003283952135725,False
SA6,mistral-small-24b,False,False,True,0.0,0.08438574659410197,0.04859279118770867,0.023679731614670758,0.18088471697992647,False
S121R,mistral-small-24b,False,False,True,0.0,0.15022846125311204,0.14180079821798142,0.07135777367345361,0.24505753397753352,False
S129,mistral-small-24b,False,True,True,0.5,0.3476960073925948,0.3476960073925948,0.0,0.0,True
S88,mistral-small-24b,False,False,True,0.2,0.15895260386806914,0.15668471741684556,0.06783654383079185,0.2500686639053464,False
S84,mistral-small-24b,False,True,False,0.25,0.11971967440984244,0.08988349926574754,0.04578958839583617,0.22348593556794358,False
S111R,mistral-small-24b,False,True,False,0.25,0.11971967440984244,0.08988349926574754,0.04578958839583617,0.22348593556794358,False
S89,mistral-small-24b,False,True,True,0.0,0.2766513922427492,0.2766513922427492,0.0,0.0,True
S13,mistral-small-24b,False,True,True,0.0,0.16763469174218235,0.20248093340338844,0.02377174958040941,0.2766513922427492,True
S75R,mistral-small-24b,False,False,True,0.0,0.11312634149189893,0.11312634149189893,0.0,0.0,False
S20R,mistral-small-24b,False,False,False,0.0,0.06365002204871734,0.07500954720991808,0.029830899982016847,0.0861096189542171,False
S74R,mistral-small-24b,False,False,True,0.0,0.022518257948791608,0.022518257948791608,0.0,0.0,False
S21,mistral-small-24b,False,False,False,0.0,0.036800195804714615,0.03659480444821912,0.019317244573256852,0.054283147036172374,False
S5R,llama-3.1-8b,False,False,True,0.0,0.058802242305659336,0.058802242305659336,0.0,0.0,False
S22,llama-3.1-8b,False,False,True,0.0,0.08133265283875554,0.08133265283875554,0.0,0.0,False
S23R,llama-3.1-8b,False,True,True,0.05,0.19696086536410054,0.15743986743746274,0.11713448766458054,0.2922353693038358,True
S4R,llama-3.1-8b,False,True,True,0.07692307692307693,0.21670835428920598,0.17100301953787703,0.1327458602007733,0.3198248743769389,True
S28,llama-3.1-8b,False,True,True,0.05,0.21670835428920598,0.17100301953787703,0.1327458602007733,0.3198248743769389,True
SA2,llama-3.1-8b,False,False,True,0.0,0.06860218735091518,0.06860218735091518,0.0,0.0,False
S8,llama-3.1-8b,False,False,True,0.0,0.07286786721257085,0.0813992269358822,0.0015487972908633952,0.13565557741096695,False
S6R,llama-3.1-8b,False,False,True,0.0,0.044265556893549114,0.04859279118770867,0.029344792514361766,0.059349728022272626,False
S80,llama-3.1-8b,False,False,True,0.0,0.05864311383311902,0.054340934970141586,0.04372334855222136,0.073519571810502,False
S7R,llama-3.1-8b,False,False,True,0.0,0.042919563388407904,0.023679731614670758,0.023679731614670758,0.0813992269358822,False
S14,llama-3.1-8b,False,False,True,0.0,0.0,0.0,0.0,0.0,False
S27,llama-3.1-8b,False,False,True,0.0,0.17999573896538595,0.17999573896538595,0.0,0.0,False
S45,llama-3.1-8b,False,False,True,0.0,0.04078366323750339,0.04078366323750339,0.0,0.0,False
S46,llama-3.1-8b,False,False,True,0.0,0.042592378839728606,0.04620981004417904,0.023679731614670758,0.05788759486033603,False
S40R,llama-3.1-8b,False,False,True,0.0,0.04078366323750339,0.04078366323750339,0.0,0.0,False
S41R,llama-3.1-8b,False,False,True,0.0,0.04078366323750339,0.04078366323750339,0.0,0.0,False
S49R,llama-3.1-8b,False,False,True,0.0,0.04078366323750339,0.04078366323750339,0.0,0.0,False
S16R,llama-3.1-8b,False,False,True,0.0,0.07260937111929902,0.07260937111929902,0.0,0.0,False
S39R,llama-3.1-8b,False,False,True,0.0,0.09161604466407132,0.049392878754372954,0.044266552919275136,0.15651841655775667,False
S42R,llama-3.1-8b,False,False,True,0.0,0.06487054033099034,0.049392878754372954,0.023679731614670758,0.12153901062392729,False
S17R,llama-3.1-8b,False,False,True,0.0,0.023679731614670758,0.023679731614670758,0.023679731614670758,0.023679731614670758,False
S18R,llama-3.1-8b,False,False,True,0.0,0.023679731614670758,0.023679731614670758,0.023679731614670758,0.023679731614670758,False
S10R,llama-3.1-8b,False,False,True,0.1,0.08063522365777195,0.03133484351759169,0.0299482928330311,0.13649040911986057,False
S9R,llama-3.1-8b,False,True,False,0.3333333333333333,0.1608283875903023,0.2344535146437958,0.061598049692957166,0.2527968970780615,True
S24R,llama-3.1-8b,False,False,True,0.0,0.030979886516912383,0.030979886516912383,0.0,0.0,False
S12,llama-3.1-8b,False,False,True,0.0,0.03521610945196849,0.023679731614670758,0.021834861410568947,0.05278687765047096,False
S43,llama-3.1-8b,False,False,True,0.0,0.047958865974365134,0.02372233017593074,0.026699939726761258,0.07495262388625622,False
S112,llama-3.1-8b,False,False,True,0.0,0.021431901990856917,0.021431901990856917,0.0,0.0,False
S19R,llama-3.1-8b,False,False,True,0.13333333333333333,0.0717339637238904,0.03311935032848583,0.038481732229428495,0.11058557947900577,False
S115,llama-3.1-8b,False,False,True,0.0,0.03709222032394137,0.024787019590129987,0.024724885192906734,0.05143045038659454,False
S38R,llama-3.1-8b,False,False,True,0.0,0.07214520644623505,0.07214520644623505,0.0,0.0,False
S15R,llama-3.1-8b,False,False,True,0.0,0.003183068710193915,0.003183068710193915,0.0,0.0,False
S68R,llama-3.1-8b,False,False,True,0.0,0.10032651557762315,0.04859279118770867,0.06887450160724497,0.13339780606141363,False
S52R,llama-3.1-8b,False,False,True,0.0,0.09841045171133002,0.04859279118770867,0.06685423081251612,0.13146959568096622,False
S72R,llama-3.1-8b,False,False,True,0.0,0.10032651557762315,0.04859279118770867,0.06887450160724497,0.13339780606141363,False
S69R,llama-3.1-8b,False,False,True,0.0,0.057138061647696345,0.04859279118770867,0.03799233734020805,0.07954568381024571,False
S77R,llama-3.1-8b,False,False,True,0.0,0.11276808227652585,0.04859279118770867,0.02964526480028935,0.26006619084157956,False
S70,llama-3.1-8b,False,False,False,0.0,0.02022260655448642,0.02022260655448642,0.0,0.0,False
S67,llama-3.1-8b,False,True,False,0.25,0.2701051396601116,0.1898290710944557,0.1481003558019146,0.4673178675831757,True
S73R,llama-3.1-8b,False,True,False,0.25,0.2701051396601116,0.1898290710944557,0.1481003558019146,0.4673178675831757,True
S55R,llama-3.1-8b,False,False,True,0.0,0.09149934573277368,0.05462801639117738,0.052539956790930153,0.1673300640162135,False
S116,llama-3.1-8b,False,False,True,0.0,0.09149934573277368,0.05462801639117738,0.052539956790930153,0.1673300640162135,False
S119R,llama-3.1-8b,False,False,True,0.0,0.10437491487245336,0.07888284002962663,0.049113258746717375,0.16630164245602952,False
S31R,llama-3.1-8b,False,False,True,0.0,0.09149934573277368,0.05462801639117738,0.052539956790930153,0.1673300640162135,False
S120R,llama-3.1-8b,False,False,True,0.0,0.09149934573277368,0.05462801639117738,0.052539956790930153,0.1673300640162135,False
S30,llama-3.1-8b,False,False,True,0.0,0.09149934573277368,0.05462801639117738,0.052539956790930153,0.1673300640162135,False
SA6,llama-3.1-8b,False,True,True,0.3333333333333333,0.17025181422265034,0.14904135371329652,0.023679731614670758,0.3380343573399837,False
S121R,llama-3.1-8b,False,False,True,0.14285714285714285,0.1602504850786885,0.1509228397895866,0.09564282696606227,0.2394631549454776,False
S129,llama-3.1-8b,False,True,False,0.5,0.25717767667316627,0.25717767667316627,0.0,0.0,False
S88,llama-3.1-8b,False,False,True,0.0,0.06621535241533881,0.036160391661783385,0.004467854548178444,0.1580178110360546,False
S84,llama-3.1-8b,False,False,True,0.0,0.020314123104980916,0.020314123104980916,0.0,0.0,False
S111R,llama-3.1-8b,False,False,True,0.0,0.020314123104980916,0.020314123104980916,0.0,0.0,False
S89,llama-3.1-8b,False,False,True,0.0,0.1580178110360546,0.1580178110360546,0.0,0.0,False
S13,llama-3.1-8b,False,False,True,0.0,0.09611896585054379,0.10958619111133477,0.053458393314500655,0.13640589124385732,False
S75R,llama-3.1-8b,False,False,True,0.0,0.08580249165295861,0.08402611537018956,0.042539345195824724,0.12626459850282964,False
S20R,llama-3.1-8b,False,True,True,0.0,0.14580970889403913,0.1683010435892402,0.06865270689284164,0.20047537620003553,True
S74R,llama-3.1-8b,False,True,False,0.0,0.1174027710529795,0.1174027710529795,0.0,0.0,True
S21,llama-3.1-8b,False,False,True,0.0,0.11599529329549489,0.12492787207154105,0.0981301357434026,0.12492787207154105,False
